month,payment,interest,principal,balance,rate_pct
1,5559.93,4703.12,856.80,902143.20,6.25
2,5559.93,4698.66,861.26,901281.93,6.25
3,5559.93,4694.18,865.75,900416.19,6.25
4,5559.93,4689.67,870.26,899545.93,6.25
5,5559.93,4685.14,874.79,898671.14,6.25
6,5559.93,4680.58,879.35,897791.79,6.25
7,5559.93,4676.00,883.93,896907.86,6.25
8,5559.93,4671.40,888.53,896019.33,6.25
9,5559.93,4666.77,893.16,895126.17,6.25
10,5559.93,4662.12,897.81,894228.36,6.25
11,5559.93,4657.44,902.49,893325.87,6.25
12,5559.93,4652.74,907.19,892418.68,6.25
13,5559.93,4648.01,911.91,891506.77,6.25
14,5559.93,4643.26,916.66,890590.11,6.25
15,5559.93,4638.49,921.44,889668.67,6.25
16,5559.93,4633.69,926.24,888742.44,6.25
17,5559.93,4628.87,931.06,887811.38,6.25
18,5559.93,4624.02,935.91,886875.47,6.25
19,5559.93,4619.14,940.78,885934.69,6.25
20,5559.93,4614.24,945.68,884989.00,6.25
21,5559.93,4609.32,950.61,884038.40,6.25
22,5559.93,4604.37,955.56,883082.84,6.25
23,5559.93,4599.39,960.54,882122.30,6.25
24,5559.93,4594.39,965.54,881156.76,6.25
25,5559.93,4589.36,970.57,880186.19,6.25
26,5559.93,4584.30,975.62,879210.57,6.25
27,5559.93,4579.22,980.70,878229.86,6.25
28,5559.93,4574.11,985.81,877244.05,6.25
29,5559.93,4568.98,990.95,876253.11,6.25
30,5559.93,4563.82,996.11,875257.00,6.25
31,5559.93,4558.63,1001.30,874255.70,6.25
32,5559.93,4553.42,1006.51,873249.19,6.25
33,5559.93,4548.17,1011.75,872237.44,6.25
34,5559.93,4542.90,1017.02,871220.41,6.25
35,5559.93,4537.61,1022.32,870198.09,6.25
36,5559.93,4532.28,1027.64,869170.45,6.25
37,5559.93,4526.93,1033.00,868137.45,6.25
38,5559.93,4521.55,1038.38,867099.07,6.25
39,5559.93,4516.14,1043.79,866055.29,6.25
40,5559.93,4510.70,1049.22,865006.07,6.25
41,5559.93,4505.24,1054.69,863951.38,6.25
42,5559.93,4499.75,1060.18,862891.20,6.25
43,5559.93,4494.23,1065.70,861825.50,6.25
44,5559.93,4488.67,1071.25,860754.25,6.25
45,5559.93,4483.10,1076.83,859677.42,6.25
46,5559.93,4477.49,1082.44,858594.98,6.25
47,5559.93,4471.85,1088.08,857506.90,6.25
48,5559.93,4466.18,1093.74,856413.16,6.25
49,5559.93,4460.49,1099.44,855313.71,6.25
50,5559.93,4454.76,1105.17,854208.55,6.25
51,5559.93,4449.00,1110.92,853097.62,6.25
52,5559.93,4443.22,1116.71,851980.91,6.25
53,5559.93,4437.40,1122.53,850858.39,6.25
54,5559.93,4431.55,1128.37,849730.02,6.25
55,5559.93,4425.68,1134.25,848595.77,6.25
56,5559.93,4419.77,1140.16,847455.61,6.25
57,5559.93,4413.83,1146.10,846309.52,6.25
58,5559.93,4407.86,1152.06,845157.45,6.25
59,5559.93,4401.86,1158.06,843999.39,6.25
60,5559.93,4395.83,1164.10,842835.29,6.25
61,5559.93,4389.77,1170.16,841665.13,6.25
62,5559.93,4383.67,1176.25,840488.88,6.25
63,5559.93,4377.55,1182.38,839306.50,6.25
64,5559.93,4371.39,1188.54,838117.96,6.25
65,5559.93,4365.20,1194.73,836923.23,6.25
66,5559.93,4358.98,1200.95,835722.28,6.25
67,5559.93,4352.72,1207.21,834515.07,6.25
68,5559.93,4346.43,1213.49,833301.58,6.25
69,5559.93,4340.11,1219.81,832081.77,6.25
70,5559.93,4333.76,1226.17,830855.60,6.25
71,5559.93,4327.37,1232.55,829623.04,6.25
72,5559.93,4320.95,1238.97,828384.07,6.25
73,5559.93,4314.50,1245.43,827138.65,6.25
74,5559.93,4308.01,1251.91,825886.73,6.25
75,5559.93,4301.49,1258.43,824628.30,6.25
76,5559.93,4294.94,1264.99,823363.31,6.25
77,5559.93,4288.35,1271.58,822091.74,6.25
78,5559.93,4281.73,1278.20,820813.54,6.25
79,5559.93,4275.07,1284.86,819528.68,6.25
80,5559.93,4268.38,1291.55,818237.14,6.25
81,5559.93,4261.65,1298.27,816938.86,6.25
82,5559.93,4254.89,1305.04,815633.82,6.25
83,5559.93,4248.09,1311.83,814321.99,6.25
84,5559.93,4241.26,1318.67,813003.33,6.25
85,5559.93,4234.39,1325.53,811677.79,6.25
86,5559.93,4227.49,1332.44,810345.35,6.25
87,5559.93,4220.55,1339.38,809005.98,6.25
88,5559.93,4213.57,1346.35,807659.62,6.25
89,5559.93,4206.56,1353.37,806306.26,6.25
90,5559.93,4199.51,1360.41,804945.84,6.25
91,5559.93,4192.43,1367.50,803578.34,6.25
92,5559.93,4185.30,1374.62,802203.72,6.25
93,5559.93,4178.14,1381.78,800821.94,6.25
94,5559.93,4170.95,1388.98,799432.96,6.25
95,5559.93,4163.71,1396.21,798036.75,6.25
96,5559.93,4156.44,1403.48,796633.26,6.25
97,5559.93,4149.13,1410.79,795222.47,6.25
98,5559.93,4141.78,1418.14,793804.32,6.25
99,5559.93,4134.40,1425.53,792378.79,6.25
100,5559.93,4126.97,1432.95,790945.84,6.25
101,5559.93,4119.51,1440.42,789505.42,6.25
102,5559.93,4112.01,1447.92,788057.51,6.25
103,5559.93,4104.47,1455.46,786602.05,6.25
104,5559.93,4096.89,1463.04,785139.00,6.25
105,5559.93,4089.27,1470.66,783668.34,6.25
106,5559.93,4081.61,1478.32,782190.02,6.25
107,5559.93,4073.91,1486.02,780704.00,6.25
108,5559.93,4066.17,1493.76,779210.24,6.25
109,5559.93,4058.39,1501.54,777708.70,6.25
110,5559.93,4050.57,1509.36,776199.34,6.25
111,5559.93,4042.70,1517.22,774682.12,6.25
112,5559.93,4034.80,1525.12,773157.00,6.25
113,5559.93,4026.86,1533.07,771623.93,6.25
114,5559.93,4018.87,1541.05,770082.88,6.25
115,5559.93,4010.85,1549.08,768533.80,6.25
116,5559.93,4002.78,1557.15,766976.66,6.25
117,5559.93,3994.67,1565.26,765411.40,6.25
118,5559.93,3986.52,1573.41,763837.99,6.25
119,5559.93,3978.32,1581.60,762256.39,6.25
120,5559.93,3970.09,1589.84,760666.55,6.25
121,5559.93,3961.80,1598.12,759068.43,6.25
122,5559.93,3953.48,1606.44,757461.98,6.25
123,5559.93,3945.11,1614.81,755847.17,6.25
124,5559.93,3936.70,1623.22,754223.95,6.25
125,5559.93,3928.25,1631.68,752592.27,6.25
126,5559.93,3919.75,1640.17,750952.10,6.25
127,5559.93,3911.21,1648.72,749303.38,6.25
128,5559.93,3902.62,1657.30,747646.07,6.25
129,5559.93,3893.99,1665.94,745980.14,6.25
130,5559.93,3885.31,1674.61,744305.52,6.25
131,5559.93,3876.59,1683.34,742622.19,6.25
132,5559.93,3867.82,1692.10,740930.09,6.25
133,5559.93,3859.01,1700.92,739229.17,6.25
134,5559.93,3850.15,1709.77,737519.40,6.25
135,5559.93,3841.25,1718.68,735800.72,6.25
136,5559.93,3832.30,1727.63,734073.09,6.25
137,5559.93,3823.30,1736.63,732336.46,6.25
138,5559.93,3814.25,1745.67,730590.78,6.25
139,5559.93,3805.16,1754.77,728836.02,6.25
140,5559.93,3796.02,1763.91,727072.11,6.25
141,5559.93,3786.83,1773.09,725299.02,6.25
142,5559.93,3777.60,1782.33,723516.69,6.25
143,5559.93,3768.32,1791.61,721725.08,6.25
144,5559.93,3758.98,1800.94,719924.14,6.25
145,5559.93,3749.60,1810.32,718113.82,6.25
146,5559.93,3740.18,1819.75,716294.07,6.25
147,5559.93,3730.70,1829.23,714464.84,6.25
148,5559.93,3721.17,1838.76,712626.09,6.25
149,5559.93,3711.59,1848.33,710777.75,6.25
150,5559.93,3701.97,1857.96,708919.79,6.25
151,5559.93,3692.29,1867.64,707052.16,6.25
152,5559.93,3682.56,1877.36,705174.80,6.25
153,5559.93,3672.79,1887.14,703287.65,6.25
154,5559.93,3662.96,1896.97,701390.69,6.25
155,5559.93,3653.08,1906.85,699483.84,6.25
156,5559.93,3643.14,1916.78,697567.05,6.25
157,5559.93,3633.16,1926.76,695640.29,6.25
158,5559.93,3623.13,1936.80,693703.49,6.25
159,5559.93,3613.04,1946.89,691756.60,6.25
160,5559.93,3602.90,1957.03,689799.57,6.25
161,5559.93,3592.71,1967.22,687832.35,6.25
162,5559.93,3582.46,1977.47,685854.89,6.25
163,5559.93,3572.16,1987.77,683867.12,6.25
164,5559.93,3561.81,1998.12,681869.00,6.25
165,5559.93,3551.40,2008.53,679860.48,6.25
166,5559.93,3540.94,2018.99,677841.49,6.25
167,5559.93,3530.42,2029.50,675811.99,6.25
168,5559.93,3519.85,2040.07,673771.92,6.25
169,5559.93,3509.23,2050.70,671721.22,6.25
170,5559.93,3498.55,2061.38,669659.84,6.25
171,5559.93,3487.81,2072.11,667587.73,6.25
172,5559.93,3477.02,2082.91,665504.82,6.25
173,5559.93,3466.17,2093.76,663411.07,6.25
174,5559.93,3455.27,2104.66,661306.41,6.25
175,5559.93,3444.30,2115.62,659190.78,6.25
176,5559.93,3433.29,2126.64,657064.14,6.25
177,5559.93,3422.21,2137.72,654926.43,6.25
178,5559.93,3411.08,2148.85,652777.57,6.25
179,5559.93,3399.88,2160.04,650617.53,6.25
180,5559.93,3388.63,2171.29,648446.24,6.25
181,5559.93,3377.32,2182.60,646263.64,6.25
182,5559.93,3365.96,2193.97,644069.67,6.25
183,5559.93,3354.53,2205.40,641864.27,6.25
184,5559.93,3343.04,2216.88,639647.39,6.25
185,5559.93,3331.50,2228.43,637418.96,6.25
186,5559.93,3319.89,2240.04,635178.92,6.25
187,5559.93,3308.22,2251.70,632927.22,6.25
188,5559.93,3296.50,2263.43,630663.79,6.25
189,5559.93,3284.71,2275.22,628388.57,6.25
190,5559.93,3272.86,2287.07,626101.50,6.25
191,5559.93,3260.95,2298.98,623802.52,6.25
192,5559.93,3248.97,2310.95,621491.56,6.25
193,5559.93,3236.94,2322.99,619168.57,6.25
194,5559.93,3224.84,2335.09,616833.48,6.25
195,5559.93,3212.67,2347.25,614486.23,6.25
196,5559.93,3200.45,2359.48,612126.75,6.25
197,5559.93,3188.16,2371.77,609754.99,6.25
198,5559.93,3175.81,2384.12,607370.87,6.25
199,5559.93,3163.39,2396.54,604974.33,6.25
200,5559.93,3150.91,2409.02,602565.31,6.25
201,5559.93,3138.36,2421.57,600143.75,6.25
202,5559.93,3125.75,2434.18,597709.57,6.25
203,5559.93,3113.07,2446.86,595262.71,6.25
204,5559.93,3100.33,2459.60,592803.11,6.25
205,5559.93,3087.52,2472.41,590330.70,6.25
206,5559.93,3074.64,2485.29,587845.42,6.25
207,5559.93,3061.69,2498.23,585347.19,6.25
208,5559.93,3048.68,2511.24,582835.94,6.25
209,5559.93,3035.60,2524.32,580311.62,6.25
210,5559.93,3022.46,2537.47,577774.15,6.25
211,5559.93,3009.24,2550.69,575223.46,6.25
212,5559.93,2995.96,2563.97,572659.49,6.25
213,5559.93,2982.60,2577.32,570082.17,6.25
214,5559.93,2969.18,2590.75,567491.42,6.25
215,5559.93,2955.68,2604.24,564887.18,6.25
216,5559.93,2942.12,2617.81,562269.37,6.25
217,5559.93,2928.49,2631.44,559637.93,6.25
218,5559.93,2914.78,2645.15,556992.79,6.25
219,5559.93,2901.00,2658.92,554333.87,6.25
220,5559.93,2887.16,2672.77,551661.09,6.25
221,5559.93,2873.23,2686.69,548974.40,6.25
222,5559.93,2859.24,2700.68,546273.72,6.25
223,5559.93,2845.18,2714.75,543558.97,6.25
224,5559.93,2831.04,2728.89,540830.08,6.25
225,5559.93,2816.82,2743.10,538086.97,6.25
226,5559.93,2802.54,2757.39,535329.58,6.25
227,5559.93,2788.17,2771.75,532557.83,6.25
228,5559.93,2773.74,2786.19,529771.65,6.25
229,5559.93,2759.23,2800.70,526970.95,6.25
230,5559.93,2744.64,2815.29,524155.66,6.25
231,5559.93,2729.98,2829.95,521325.71,6.25
232,5559.93,2715.24,2844.69,518481.02,6.25
233,5559.93,2700.42,2859.50,515621.52,6.25
234,5559.93,2685.53,2874.40,512747.12,6.25
235,5559.93,2670.56,2889.37,509857.75,6.25
236,5559.93,2655.51,2904.42,506953.34,6.25
237,5559.93,2640.38,2919.54,504033.79,6.25
238,5559.93,2625.18,2934.75,501099.04,6.25
239,5559.93,2609.89,2950.04,498149.01,6.25
240,5559.93,2594.53,2965.40,495183.61,6.25
241,5559.93,2579.08,2980.85,492202.76,6.25
242,5559.93,2563.56,2996.37,489206.39,6.25
243,5559.93,2547.95,3011.98,486194.41,6.25
244,5559.93,2532.26,3027.66,483166.75,6.25
245,5559.93,2516.49,3043.43,480123.32,6.25
246,5559.93,2500.64,3059.28,477064.03,6.25
247,5559.93,2484.71,3075.22,473988.82,6.25
248,5559.93,2468.69,3091.23,470897.58,6.25
249,5559.93,2452.59,3107.33,467790.25,6.25
250,5559.93,2436.41,3123.52,464666.73,6.25
251,5559.93,2420.14,3139.79,461526.94,6.25
252,5559.93,2403.79,3156.14,458370.80,6.25
253,5559.93,2387.35,3172.58,455198.22,6.25
254,5559.93,2370.82,3189.10,452009.12,6.25
255,5559.93,2354.21,3205.71,448803.41,6.25
256,5559.93,2337.52,3222.41,445581.00,6.25
257,5559.93,2320.73,3239.19,442341.81,6.25
258,5559.93,2303.86,3256.06,439085.74,6.25
259,5559.93,2286.90,3273.02,435812.72,6.25
260,5559.93,2269.86,3290.07,432522.65,6.25
261,5559.93,2252.72,3307.20,429215.45,6.25
262,5559.93,2235.50,3324.43,425891.02,6.25
263,5559.93,2218.18,3341.74,422549.28,6.25
264,5559.93,2200.78,3359.15,419190.13,6.25
265,5559.93,2183.28,3376.64,415813.48,6.25
266,5559.93,2165.70,3394.23,412419.25,6.25
267,5559.93,2148.02,3411.91,409007.34,6.25
268,5559.93,2130.25,3429.68,405577.66,6.25
269,5559.93,2112.38,3447.54,402130.12,6.25
270,5559.93,2094.43,3465.50,398664.62,6.25
271,5559.93,2076.38,3483.55,395181.07,6.25
272,5559.93,2058.23,3501.69,391679.38,6.25
273,5559.93,2040.00,3519.93,388159.45,6.25
274,5559.93,2021.66,3538.26,384621.19,6.25
275,5559.93,2003.24,3556.69,381064.50,6.25
276,5559.93,1984.71,3575.22,377489.28,6.25
277,5559.93,1966.09,3593.84,373895.45,6.25
278,5559.93,1947.37,3612.55,370282.89,6.25
279,5559.93,1928.56,3631.37,366651.52,6.25
280,5559.93,1909.64,3650.28,363001.24,6.25
281,5559.93,1890.63,3669.29,359331.95,6.25
282,5559.93,1871.52,3688.41,355643.54,6.25
283,5559.93,1852.31,3707.62,351935.92,6.25
284,5559.93,1833.00,3726.93,348209.00,6.25
285,5559.93,1813.59,3746.34,344462.66,6.25
286,5559.93,1794.08,3765.85,340696.81,6.25
287,5559.93,1774.46,3785.46,336911.35,6.25
288,5559.93,1754.75,3805.18,333106.17,6.25
289,5559.93,1734.93,3825.00,329281.17,6.25
290,5559.93,1715.01,3844.92,325436.25,6.25
291,5559.93,1694.98,3864.95,321571.30,6.25
292,5559.93,1674.85,3885.08,317686.23,6.25
293,5559.93,1654.62,3905.31,313780.92,6.25
294,5559.93,1634.28,3925.65,309855.26,6.25
295,5559.93,1613.83,3946.10,305909.17,6.25
296,5559.93,1593.28,3966.65,301942.52,6.25
297,5559.93,1572.62,3987.31,297955.21,6.25
298,5559.93,1551.85,4008.08,293947.13,6.25
299,5559.93,1530.97,4028.95,289918.18,6.25
300,5559.93,1509.99,4049.94,285868.25,6.25
301,5559.93,1488.90,4071.03,281797.22,6.25
302,5559.93,1467.69,4092.23,277704.98,6.25
303,5559.93,1446.38,4113.55,273591.44,6.25
304,5559.93,1424.96,4134.97,269456.47,6.25
305,5559.93,1403.42,4156.51,265299.96,6.25
306,5559.93,1381.77,4178.16,261121.80,6.25
307,5559.93,1360.01,4199.92,256921.89,6.25
308,5559.93,1338.13,4221.79,252700.10,6.25
309,5559.93,1316.15,4243.78,248456.32,6.25
310,5559.93,1294.04,4265.88,244190.43,6.25
311,5559.93,1271.83,4288.10,239902.33,6.25
312,5559.93,1249.49,4310.44,235591.90,6.25
313,5559.93,1227.04,4332.89,231259.01,6.25
314,5559.93,1204.47,4355.45,226903.56,6.25
315,5559.93,1181.79,4378.14,222525.42,6.25
316,5559.93,1158.99,4400.94,218124.48,6.25
317,5559.93,1136.07,4423.86,213700.62,6.25
318,5559.93,1113.02,4446.90,209253.72,6.25
319,5559.93,1089.86,4470.06,204783.66,6.25
320,5559.93,1066.58,4493.34,200290.31,6.25
321,5559.93,1043.18,4516.75,195773.56,6.25
322,5559.93,1019.65,4540.27,191233.29,6.25
323,5559.93,996.01,4563.92,186669.37,6.25
324,5559.93,972.24,4587.69,182081.68,6.25
325,5559.93,948.34,4611.58,177470.10,6.25
326,5559.93,924.32,4635.60,172834.49,6.25
327,5559.93,900.18,4659.75,168174.75,6.25
328,5559.93,875.91,4684.02,163490.73,6.25
329,5559.93,851.51,4708.41,158782.32,6.25
330,5559.93,826.99,4732.94,154049.38,6.25
331,5559.93,802.34,4757.59,149291.80,6.25
332,5559.93,777.56,4782.36,144509.43,6.25
333,5559.93,752.65,4807.27,139702.16,6.25
334,5559.93,727.62,4832.31,134869.85,6.25
335,5559.93,702.45,4857.48,130012.37,6.25
336,5559.93,677.15,4882.78,125129.59,6.25
337,5559.93,651.72,4908.21,120221.38,6.25
338,5559.93,626.15,4933.77,115287.61,6.25
339,5559.93,600.46,4959.47,110328.14,6.25
340,5559.93,574.63,4985.30,105342.84,6.25
341,5559.93,548.66,5011.27,100331.57,6.25
342,5559.93,522.56,5037.37,95294.21,6.25
343,5559.93,496.32,5063.60,90230.60,6.25
344,5559.93,469.95,5089.98,85140.63,6.25
345,5559.93,443.44,5116.49,80024.14,6.25
346,5559.93,416.79,5143.13,74881.01,6.25
347,5559.93,390.01,5169.92,69711.09,6.25
348,5559.93,363.08,5196.85,64514.24,6.25
349,5559.93,336.01,5223.91,59290.33,6.25
350,5559.93,308.80,5251.12,54039.20,6.25
351,5559.93,281.45,5278.47,48760.73,6.25
352,5559.93,253.96,5305.96,43454.77,6.25
353,5559.93,226.33,5333.60,38121.17,6.25
354,5559.93,198.55,5361.38,32759.79,6.25
355,5559.93,170.62,5389.30,27370.49,6.25
356,5559.93,142.55,5417.37,21953.11,6.25
357,5559.93,114.34,5445.59,16507.53,6.25
358,5559.93,85.98,5473.95,11033.58,6.25
359,5559.93,57.47,5502.46,5531.12,6.25
360,5559.93,28.81,5531.12,0.00,6.25
